wine_name,wine_type,region,supermarket,fixed_acidity,residual_sugar,alcohol,density,price_eur,quality_label
Caperucita Roja Tempranillo-Syrah,red,Utiel-Requena,Mercadona,6.1,3.26,12.0,0.9989,1.95,low
Borsao Barrica Campo de Borja,red,Campo de Borja,Mercadona,5.66,3.17,12.6,0.9979,2.95,low
Faustino VII Joven D.O. Rioja,red,Rioja,Mercadona,5.52,3.94,11.2,0.9961,3.55,low
Antaño Tinto D.O. Rioja,red,Rioja,Carrefour,5.95,1.49,10.3,0.996,2.55,low
Don Simón Tinto,red,La Mancha,Carrefour,5.19,3.71,10.9,0.9948,1.8,low
Ribera de Algodor Joven D.O. La Mancha,red,La Mancha,DIA,6.68,3.17,11.5,0.9948,2.4,low
Señorío de los Llanos Joven D.O. Valdepeñas,red,Valdepeñas,Carrefour,5.47,3.51,10.7,0.9973,2.95,low
López de Haro Joven Tempranillo D.O. Rioja,red,Rioja,El Corte Inglés,5.44,3.11,11.1,0.9994,3.8,low
Vino de Mesa Los Corzos,red,Castilla,Outlet Bodegas,5.79,2.34,12.1,0.9951,3.33,low
Casa Mayor Joven D.O. Rioja,red,Rioja,El Corte Inglés,5.93,1.44,10.6,0.9971,3.1,low
Cumbre de Gredos Tinto,red,Castilla y León,Carrefour,6.24,3.57,11.4,0.9964,2.2,low
Campo Viejo Joven Tempranillo D.O. Rioja,red,Rioja,Carrefour,4.91,2.68,11.2,0.9983,4.1,low
Viña Lobón Tinto,red,Rioja,Carrefour,6.01,1.64,11.7,0.9963,2.65,low
Ojailén Tinto D.O. Valdepeñas,red,Valdepeñas,Carrefour,5.39,4.01,12.2,0.9981,2.85,low
Cerro de los Pastores D.O. Valdepeñas,red,Valdepeñas,DIA,5.3,3.09,11.7,0.9982,3.4,low
Abadía Mantrús Joven D.O. Ribera del Duero,red,Ribera del Duero,Mercadona,5.51,3.21,10.7,0.9951,2.35,low
Bajoz Tinto D.O. Toro,red,Toro,Carrefour,6.29,4.76,11.4,0.9982,2.74,low
Momo Joven D.O. Ribera del Duero,red,Ribera del Duero,El Corte Inglés,6.02,2.75,11.8,0.999,4.2,low
Castillo Albai Tempranillo DOC Rioja,red,Rioja,DIA,5.78,4.96,9.7,0.998,3.5,low
Enate Joven D.O. Somontano,red,Somontano,El Corte Inglés,5.85,3.1,11.6,0.994,4.45,low
The Guv'nor Tinto,red,La Mancha,Mercadona,5.67,3.76,12.5,0.9961,4.0,low
Monte Ducay Tinto D.O. Cariñena,red,Cariñena,DIA,5.31,2.9,12.1,0.9973,2.1,low
Reservado Tinto,red,La Mancha,Mercadona,5.48,3.91,11.6,0.9982,2.3,low
Hacendado Tinto Joven,red,La Mancha,Mercadona,5.38,3.07,11.2,0.9948,1.9,low
Arteso Joven D.O. Rioja,red,Rioja,Eroski,5.98,3.66,11.5,0.9965,3.7,low
Condado de Teón Joven D.O. Ribera,red,Ribera del Duero,Mercadona,4.95,2.98,11.3,0.9957,3.15,low
Fidencio Joven Valdepeñas,red,Valdepeñas,DIA,5.7,3.8,12.8,0.997,2.45,low
Mar de Uvas Syrah,red,La Mancha,Mercadona,5.95,3.33,10.2,0.9968,2.2,low
La Vendimia Tinto D.O. Rioja,red,Rioja,Carrefour,5.84,5.86,11.4,0.9972,4.2,low
Torre Oria Tinto Joven Utiel-Requena,red,Utiel-Requena,Mercadona,5.78,2.23,12.3,0.9979,2.6,low
Cason Histórico Tinto,red,La Mancha,Mercadona,6.27,2.49,12.5,0.9948,2.15,low
Solar Viejo Joven D.O. Rioja,red,Rioja,Eroski,6.15,5.59,10.8,0.996,4.3,low
Pata Negra Joven D.O. Rioja,red,Rioja,El Corte Inglés,5.86,2.9,10.4,0.9969,5.09,low
Arribeño Tinto Joven D.O. Ribera,red,Ribera del Duero,Mercadona,5.16,3.87,10.9,0.999,2.9,low
Siglo Saco Tempranillo D.O. Rioja,red,Rioja,Carrefour,5.33,3.08,12.1,0.9951,5.49,low
Glorioso Joven D.O. Rioja,red,Rioja,DIA,5.94,4.71,10.4,0.9971,3.8,low
Veliterra Verdejo D.O. Rueda,white,Rueda,Carrefour,6.63,3.63,11.2,0.9944,3.65,low
Arribeño Verdejo D.O. Rueda,white,Rueda,Mercadona,6.76,3.24,11.9,0.9964,2.35,low
Mayor de Castilla Verdejo D.O. Rueda,white,Rueda,El Corte Inglés,6.16,3.19,11.9,0.9951,3.95,low
Albariño Cosechero Rías Baixas,white,Rías Baixas,Online,7.43,3.38,11.2,0.9968,4.5,low
Yllera 5.5 Verdejo Frizzante,white,Rueda,El Corte Inglés,6.01,3.63,12.4,0.995,4.3,low
Blume Verdejo Joven D.O. Rueda,white,Rueda,Carrefour,6.98,3.33,12.2,0.9983,5.61,low
Cuatro Rayas Sauvignon D.O. Rueda,white,Rueda,El Corte Inglés,6.38,2.4,11.4,0.995,5.29,low
Marqués de Cáceres Rosado D.O. Rioja,rosé,Rioja,Carrefour,6.16,4.91,11.6,0.9975,4.99,low
Solar de Estraunza Rosado D.O. Rioja,rosé,Rioja,Online,6.21,6.24,11.4,0.9998,4.3,low
CUNE Rosado D.O. Rioja,rosé,Rioja,El Corte Inglés,6.51,3.47,11.0,0.9971,5.2,low
Gran Feudo Rosado D.O. Navarra,rosé,Navarra,Carrefour,6.09,5.36,11.7,0.9964,4.5,low
Ochoa Rosado D.O. Navarra,rosé,Navarra,Online,5.78,2.68,11.3,0.9975,5.5,low
Viña Zorzal Rosado D.O. Navarra,rosé,Navarra,Online,6.31,3.01,11.6,0.997,5.8,low
Castillo de Mendoza Rosado D.O. Rioja,rosé,Rioja,DIA,5.76,4.68,11.5,0.9951,4.2,low
Pata Negra Rosado D.O. Ribera,rosé,Ribera del Duero,Eroski,6.38,5.17,12.0,0.9978,5.1,low
Marqués de Cáceres Crianza 2019,red,Rioja,El Corte Inglés,4.71,1.76,13.3,0.9964,7.95,medium
Viñas del Vero Crianza 2019,red,Somontano,El Corte Inglés,5.66,6.07,13.3,0.9972,7.7,medium
Prado Rey Origen Crianza 2021,red,Ribera del Duero,El Corte Inglés,5.88,3.19,12.8,0.9967,7.5,medium
CUNE Crianza D.O. Rioja,red,Rioja,Mercadona,5.01,2.39,12.7,0.9958,6.15,medium
Cerro de la Mesa Crianza D.O. Rioja,red,Rioja,Carrefour,6.56,0.92,13.4,0.9936,5.5,medium
Palacio de Beltus Crianza D.O. Rioja,red,Rioja,DIA,5.16,3.58,13.0,0.9943,5.15,medium
Viña Salceda Crianza D.O. Rioja,red,Rioja,El Corte Inglés,5.04,3.21,12.6,0.996,7.35,medium
Berberana D'Avalos Crianza D.O. Rioja,red,Rioja,Carrefour,5.42,2.01,14.3,0.9965,5.05,medium
Ramón Bilbao Crianza D.O. Rioja,red,Rioja,El Corte Inglés,4.39,2.77,12.6,0.9968,8.5,medium
Castillo de Haro Crianza D.O. Rioja,red,Rioja,DIA,5.0,2.5,13.3,0.9968,5.95,medium
LAN Crianza D.O. Rioja,red,Rioja,Carrefour,4.8,2.3,12.7,0.9949,7.2,medium
Azpilicueta Crianza D.O. Rioja,red,Rioja,El Corte Inglés,6.28,2.96,12.2,0.9969,8.95,medium
El Coto Crianza D.O. Rioja,red,Rioja,Mercadona,6.46,3.53,12.1,0.9951,7.8,medium
Viña Alcorta Crianza D.O. Rioja,red,Rioja,El Corte Inglés,6.03,1.96,13.3,0.9967,8.3,medium
Cerro Añón Crianza D.O. Rioja,red,Rioja,El Corte Inglés,4.94,2.55,11.1,0.9944,9.1,medium
Faustino Rivero Crianza D.O. Rioja,red,Rioja,Eroski,5.27,1.48,14.0,0.9938,6.4,medium
Viña Jaraba Selección Crianza La Mancha,red,La Mancha,DIA,5.18,2.72,13.9,0.9938,6.8,medium
Marqués de Terán Crianza D.O. Rioja,red,Rioja,El Corte Inglés,5.98,2.61,12.4,0.9963,9.3,medium
Tres Reinos Crianza D.O. Rioja,red,Rioja,Carrefour,5.5,2.06,13.0,0.9952,6.5,medium
Abadía Mantrús Crianza D.O. Ribera,red,Ribera del Duero,Mercadona,5.46,3.2,14.0,0.9941,7.2,medium
Enrique I Crianza D.O. Ribera del Duero,red,Ribera del Duero,Carrefour,6.47,0.84,12.9,0.9965,6.95,medium
Vega Vieja Crianza D.O. Ribera del Duero,red,Ribera del Duero,Carrefour,5.54,2.04,12.9,0.9951,7.5,medium
Pata Negra Roble D.O. Ribera del Duero,red,Ribera del Duero,Carrefour,5.11,3.36,13.2,0.9948,5.25,medium
Deidad Crianza D.O. Ribera del Duero,red,Ribera del Duero,Mercadona,5.85,2.88,13.5,0.9965,6.3,medium
Melior Roble Matarromera D.O. Ribera,red,Ribera del Duero,El Corte Inglés,4.99,2.1,13.4,0.9965,8.2,medium
Protos Roble D.O. Ribera del Duero,red,Ribera del Duero,El Corte Inglés,5.39,2.71,13.8,0.9949,8.9,medium
Puerta Vieja Crianza D.O. Rioja,red,Rioja,Carrefour,5.67,2.42,12.9,0.9971,5.4,medium
Pagos del Rey Crianza D.O. Ribera,red,Ribera del Duero,Carrefour,5.81,3.33,13.8,0.9957,6.7,medium
Coto de Imaz Crianza D.O. Rioja,red,Rioja,El Corte Inglés,5.74,2.32,13.2,0.9955,8.4,medium
Beronia Crianza D.O. Rioja,red,Rioja,El Corte Inglés,5.45,3.14,12.5,0.9984,8.1,medium
Lagunilla Crianza D.O. Rioja,red,Rioja,DIA,4.9,1.51,13.7,0.9967,5.8,medium
Torremoron Crianza D.O. Ribera,red,Ribera del Duero,El Corte Inglés,5.71,3.17,13.0,0.9945,7.4,medium
Luzmillar Crianza D.O. Ribera del Duero,red,Ribera del Duero,Carrefour,5.44,1.99,13.6,0.9955,7.0,medium
Viña Bujanda Crianza D.O. Rioja,red,Rioja,Online,4.99,2.31,13.2,0.995,6.2,medium
Faustino V Crianza D.O. Rioja,red,Rioja,El Corte Inglés,4.99,2.82,13.1,0.995,9.0,medium
Conde de Valdemar Crianza D.O. Rioja,red,Rioja,El Corte Inglés,5.16,2.81,12.1,0.9939,8.75,medium
Añares Crianza DOCa Rioja,red,Rioja,El Corte Inglés,5.04,2.41,13.2,0.9976,7.45,medium
Glorioso Crianza D.O. Rioja,red,Rioja,Eroski,5.83,2.46,13.0,0.9944,5.65,medium
Viña Cumbrero Crianza D.O. Rioja,red,Rioja,Carrefour,5.39,2.34,13.2,0.9946,5.75,medium
Arco del Sol Crianza D.O. Ribera,red,Ribera del Duero,DIA,5.66,3.98,12.9,0.9962,6.1,medium
Campo Viejo Crianza D.O. Rioja,red,Rioja,El Corte Inglés,5.75,2.24,13.1,0.9957,7.9,medium
Valdepeñas Crianza Señorío D.O.,red,Valdepeñas,Mercadona,5.45,1.9,13.0,0.9963,6.0,medium
Viña Albali Crianza D.O. Valdepeñas,red,Valdepeñas,DIA,6.13,3.46,14.3,0.9947,6.5,medium
Enate Crianza D.O. Somontano,red,Somontano,El Corte Inglés,5.84,2.77,14.3,0.9946,8.5,medium
Solar Viejo Crianza D.O. Rioja,red,Rioja,Mercadona,4.98,2.06,11.7,0.995,7.2,medium
Protos Verdejo Barrica D.O. Rueda,white,Rueda,El Corte Inglés,6.42,2.11,12.7,0.9966,9.95,medium
José Pariente Verdejo D.O. Rueda,white,Rueda,Carrefour,7.28,1.6,12.1,0.995,9.5,medium
Montespina Verdejo Viñas Viejas,white,Rueda,Online,6.14,3.28,13.1,0.994,6.5,medium
Marqués de Riscal Verdejo D.O. Rueda,white,Rueda,El Corte Inglés,5.94,2.95,12.4,0.9959,8.95,medium
Diamante Verdejo D.O. Rueda,white,Rueda,Carrefour,6.0,1.58,12.5,0.9946,5.95,medium
Martín Codax Albariño D.O. Rías Baixas,white,Rías Baixas,El Corte Inglés,6.57,2.44,12.0,0.9943,9.5,medium
Pazo de Señoráns Albariño D.O. Rías Baixas,white,Rías Baixas,Online,6.86,2.36,12.9,0.9933,9.8,medium
Viña Albalí Reserva D.O. Valdepeñas,red,Valdepeñas,El Corte Inglés,4.33,3.02,14.2,0.9938,12.5,high
Beronia Reserva D.O. Rioja,red,Rioja,El Corte Inglés,5.88,2.09,14.7,0.9948,13.95,high
LAN Reserva D.O. Rioja,red,Rioja,El Corte Inglés,6.13,3.4,13.9,0.9959,14.5,high
Siglo Reserva D.O. Rioja,red,Rioja,Carrefour,5.42,3.09,13.4,0.9955,11.9,high
Marqués de Riscal Reserva D.O. Rioja,red,Rioja,El Corte Inglés,5.63,0.59,13.3,0.9923,16.95,high
Viña Pomal 106 Barricas Reserva,red,Rioja,Online,4.97,2.57,14.9,0.9948,15.5,high
Conde Valdemar Reserva D.O. Rioja,red,Rioja,El Corte Inglés,5.91,0.9,13.0,0.9946,14.2,high
Coto de Imaz Reserva D.O. Rioja,red,Rioja,El Corte Inglés,5.29,1.97,12.8,0.9946,13.5,high
Beronia Gran Reserva D.O. Rioja,red,Rioja,El Corte Inglés,4.45,2.54,14.2,0.9936,22.0,high
Ramón Bilbao Gran Reserva D.O. Rioja,red,Rioja,El Corte Inglés,4.84,1.15,14.0,0.9958,18.95,high
Faustino I Gran Reserva D.O. Rioja,red,Rioja,El Corte Inglés,4.61,2.4,13.7,0.9937,19.5,high
Marqués de Cáceres Gran Reserva,red,Rioja,El Corte Inglés,5.05,1.17,13.7,0.9933,21.0,high
Barón de Urzande Gran Reserva D.O. Rioja,red,Rioja,Carrefour,6.08,2.03,13.6,0.995,16.5,high
Contino Reserva D.O.Ca. Rioja,red,Rioja,Online,5.04,1.82,14.4,0.9956,28.0,high
Muga Reserva D.O. Rioja,red,Rioja,Online,4.83,1.54,13.8,0.9919,19.9,high
Izadi Reserva D.O. Rioja,red,Rioja,Online,4.34,3.09,15.0,0.9944,15.95,high
Marqués de Vargas Reserva D.O. Rioja,red,Rioja,Online,5.39,2.25,15.8,0.996,24.5,high
Viña Real Reserva D.O.Ca. Rioja,red,Rioja,El Corte Inglés,5.04,1.24,13.0,0.9949,17.5,high
Valtravieso Reserva D.O. Ribera del Duero,red,Ribera del Duero,Online,4.72,0.86,13.6,0.9934,18.0,high
Protos Gran Reserva D.O. Ribera,red,Ribera del Duero,Online,5.94,2.71,14.0,0.9965,32.0,high
Viña Mayor Reserva D.O. Ribera del Duero,red,Ribera del Duero,El Corte Inglés,5.14,1.31,14.9,0.9953,15.2,high
Torremoron Reserva D.O. Ribera del Duero,red,Ribera del Duero,El Corte Inglés,4.58,1.85,13.5,0.993,13.8,high
Emina Reserva D.O. Ribera del Duero,red,Ribera del Duero,El Corte Inglés,5.56,3.53,13.2,0.9954,17.9,high
Marqués de Murrieta Reserva D.O. Rioja,red,Rioja,Online,4.77,1.61,13.6,0.9937,23.0,high
Viña Tondonia Reserva López de Heredia,red,Rioja,Online,5.12,1.34,14.2,0.9946,29.5,high
La Rioja Alta 904 Gran Reserva,red,Rioja,Online,4.98,1.27,13.7,0.9956,45.0,high
Ontañón Reserva D.O.Ca. Rioja,red,Rioja,Online,5.35,1.22,14.1,0.9956,14.9,high
Rioja Vega Reserva D.O.Ca. Rioja,red,Rioja,Carrefour,4.27,2.43,13.6,0.9954,13.2,high
Enate Reserva Privada D.O. Somontano,red,Somontano,Online,4.72,0.56,13.0,0.9948,25.0,high
Tinto Arroyo Reserva D.O. Ribera,red,Ribera del Duero,Online,5.23,1.28,14.4,0.9927,16.2,high
Lan Gran Reserva D.O. Rioja,red,Rioja,El Corte Inglés,5.07,1.03,13.6,0.9948,21.5,high
Protos Reserva D.O. Ribera del Duero,red,Ribera del Duero,Online,4.67,1.69,14.6,0.994,20.0,high
Pesquera Reserva D.O. Ribera del Duero,red,Ribera del Duero,Online,5.52,1.1,14.3,0.9964,30.0,high
Aalto Tinto D.O. Ribera del Duero,red,Ribera del Duero,Online,3.86,1.36,14.3,0.9945,35.0,high
Roda I Reserva D.O.Ca. Rioja,red,Rioja,Online,5.29,1.52,14.1,0.9945,38.0,high
Valbuena 5º Vega Sicilia,red,Ribera del Duero,Online,5.68,2.2,14.2,0.9942,95.0,high
Ederra Reserva D.O. Rioja,red,Rioja,Carrefour,4.86,1.65,14.2,0.9942,8.45,high
Viña Albalí Gran Reserva D.O. Valdepeñas,red,Valdepeñas,El Corte Inglés,5.24,3.66,14.5,0.9943,14.5,high
Marqués de Riscal Reserva (Mercadona),red,Rioja,Mercadona,5.7,1.67,12.8,0.9935,16.95,high
Coto de Imaz Reserva (Mercadona),red,Rioja,Mercadona,4.16,1.72,14.0,0.9967,13.5,high
Viña Albalí Reserva (Mercadona),red,Valdepeñas,Mercadona,5.26,1.82,14.5,0.992,12.5,high
Viña Albali Gran Reserva (DIA),red,Valdepeñas,DIA,5.22,2.62,13.1,0.9961,14.0,high
LAN Reserva (DIA),red,Rioja,DIA,5.27,1.67,14.4,0.9974,13.95,high
Siglo Reserva (Eroski),red,Rioja,Eroski,5.19,2.2,13.7,0.9937,11.9,high
Beronia Reserva (Eroski),red,Rioja,Eroski,5.52,1.32,14.0,0.9941,13.5,high
Campo Viejo Reserva (Eroski),red,Rioja,Eroski,5.34,2.27,14.6,0.9941,12.8,high
Valtravieso Nogara Verdejo Reserva D.O. Rueda,white,Rueda,Online,6.87,1.21,13.3,0.9944,15.0,high
Vina Tondonia Blanco Reserva,white,Rioja,Online,7.38,1.25,13.9,0.9955,28.0,high
Pazo Baión Albariño D.O. Rías Baixas,white,Rías Baixas,Online,7.21,2.93,13.1,0.9926,22.0,high
Fillaboa Selección Finca Monte Alto,white,Rías Baixas,Online,6.11,2.7,13.8,0.9939,18.5,high
Protos Verdejo Reserva D.O. Rueda,white,Rueda,El Corte Inglés,7.14,1.12,14.7,0.9941,14.0,high
Torres Sangre de Toro Joven D.O. Catalunya,red,Penedès,El Corte Inglés,5.87,4.13,11.8,0.9971,4.5,low
Blau Joven D.O. Montsant,red,Montsant,Online,5.33,3.87,12.8,0.9987,4.2,low
Bach Tinto Joven D.O. Penedès,red,Penedès,Carrefour,6.76,2.89,10.8,0.9966,3.8,low
Abadal Joven D.O. Pla de Bages,red,Pla de Bages,Online,5.83,4.49,10.3,0.9989,4.9,low
Dairo Tinto D.O. Montsant,red,Montsant,Online,5.71,2.97,10.8,0.9945,6.65,low
Freixenet Tinto Joven D.O. Catalunya,red,Penedès,Carrefour,6.29,3.47,10.6,0.995,3.5,low
Torres Viña Sol D.O. Catalunya (blanc),white,Penedès,El Corte Inglés,6.33,4.34,11.7,0.9942,4.95,low
Gramona Gessami D.O. Penedès (blanc),white,Penedès,Online,6.38,2.78,10.5,0.9959,8.5,low
Torres De Casta Rosado D.O. Catalunya,rosé,Penedès,Carrefour,6.08,5.34,12.4,0.9979,4.5,low
Marquès de Monistrol Rosado D.O. Penedès,rosé,Penedès,Online,6.07,3.17,12.8,0.9966,5.2,low
Torres Gran Sangre de Toro Crianza D.O. Catalunya,red,Penedès,El Corte Inglés,5.41,2.58,13.1,0.9955,8.5,medium
Ètim El Viatge Crianza D.O. Montsant,red,Montsant,Online,5.11,2.11,13.0,0.995,9.8,medium
Fra Guerau Crianza D.O. Montsant,red,Montsant,Online,5.04,2.7,12.8,0.9977,8.9,medium
Mas Camper Crianza D.O. Priorat,red,Priorat,Online,4.07,3.58,13.7,0.993,12.65,medium
L'Agnet Tinto D.O. Priorat,red,Priorat,Online,5.23,2.27,12.2,0.9947,10.16,medium
Tendral Tinto D.O. Priorat,red,Priorat,Online,4.84,4.18,13.6,0.9974,10.97,medium
Etim Origen Garnatxa D.O. Montsant,red,Montsant,Online,5.76,1.58,12.7,0.9963,10.2,medium
Abadal Crianza D.O. Pla de Bages,red,Pla de Bages,Online,4.79,3.24,12.9,0.9952,9.5,medium
Bach Crianza D.O. Penedès,red,Penedès,Carrefour,5.76,3.0,12.8,0.9972,7.5,medium
Rigau Ros Crianza D.O. Empordà,red,Empordà,Online,4.86,3.15,13.4,0.9953,8.2,medium
Torres Milmanda Chardonnay D.O. Conca de Barberà,white,Conca de Barberà,El Corte Inglés,6.96,1.12,13.0,0.9943,9.95,medium
Gramona Sauvignon Blanc D.O. Penedès,white,Penedès,Online,6.54,2.73,12.1,0.993,8.9,medium
Torres Gran Coronas Reserva D.O. Penedès,red,Penedès,El Corte Inglés,4.32,2.48,13.2,0.9968,19.08,high
Costers del Prior Crianza D.O. Priorat,red,Priorat,Online,4.06,3.36,14.1,0.9946,17.17,high
Scala Dei Tinto D.O. Priorat,red,Priorat,Online,4.83,2.32,14.0,0.996,14.35,high
Embruix de Vall Llach D.O. Priorat,red,Priorat,Online,5.16,2.12,13.8,0.9946,23.0,high
Clos Mogador D.O.Q. Priorat,red,Priorat,Online,5.25,0.63,13.2,0.9956,55.0,high
Mas Martinet Clos Martinet D.O. Priorat,red,Priorat,Online,5.19,1.85,14.0,0.9951,45.0,high
Reina Elionor Reserva D.O. Terra Alta,red,Terra Alta,El Corte Inglés,4.83,1.38,14.1,0.9935,12.5,high
Torres Mas La Plana Reserva D.O. Penedès,red,Penedès,Online,5.3,0.64,14.6,0.9953,35.0,high
Abadal Reserva D.O. Pla de Bages,red,Pla de Bages,Online,5.23,2.79,15.0,0.9959,16.5,high
Ferrer Bobet Vinyes Velles D.O. Priorat,red,Priorat,Online,4.18,0.98,13.6,0.9947,38.0,high
Pissarres Negre D.O. Priorat,red,Priorat,Online,5.36,1.42,14.1,0.9938,23.6,high
Torres Milmanda Gran Reserva Chardonnay,white,Conca de Barberà,Online,6.69,0.96,13.0,0.9925,29.0,high
Gramona III Lustros Gran Reserva Penedès,white,Penedès,Online,6.51,2.43,13.0,0.9969,22.0,high
Cañador Joven D.O. Jumilla,red,Jumilla,Carrefour,5.71,5.46,11.7,0.9987,3.2,low
Peñarrubia Tinto D.O. Jumilla (Carrefour),red,Jumilla,Carrefour,5.71,3.33,12.0,0.998,2.95,low
Genus Monastrell-Syrah D.O. Jumilla,red,Jumilla,DIA,5.73,1.03,11.4,0.9978,3.8,low
Finca Monastasia Monastrell D.O. Jumilla,red,Jumilla,El Corte Inglés,5.81,3.86,11.7,0.9948,4.2,low
Algueira Joven D.O. Ribeira Sacra,red,Ribeira Sacra,Online,6.33,2.82,11.1,0.9976,5.5,low
Castro Candaz Joven D.O. Ribeira Sacra,red,Ribeira Sacra,Online,5.36,3.66,10.9,0.9965,5.8,low
Pittacum Joven D.O. Bierzo,red,Bierzo,Online,5.58,2.94,10.9,0.9967,5.2,low
Peique Joven D.O. Bierzo,red,Bierzo,Online,5.87,4.33,11.1,0.9969,5.5,low
Echave Joven D.O. Navarra,red,Navarra,DIA,7.12,3.79,11.8,0.9974,2.22,low
Inurrieta Norte Joven D.O. Navarra,red,Navarra,Online,4.78,3.16,10.0,0.998,6.26,low
El Niño de las Uvas Monastrell D.O. Bullas,red,Bullas,Carrefour,6.82,2.87,12.7,0.9952,4.5,low
Avaniel Joven D.O. Ribera del Duero,red,Ribera del Duero,Online,5.08,3.95,10.9,0.9961,8.5,low
Monteabellón Joven Roble D.O. Ribera,red,Ribera del Duero,Online,6.45,2.43,11.3,0.9966,7.2,low
Doña Felisa Joven D.O. Sierras de Málaga,red,Sierras de Málaga,Online,6.03,4.13,11.4,0.9951,4.5,low
Crin Roja Tempranillo D.O. La Mancha,red,La Mancha,Carrefour,6.41,6.28,12.1,0.9976,3.59,low
Veranza Roble D.O. La Mancha,red,La Mancha,DIA,5.57,3.15,10.5,0.9977,4.28,low
Señorío de Sarría Joven D.O. Navarra,red,Navarra,Online,5.72,4.69,10.8,0.9987,4.2,low
Godello Valdeorras Telmo Rodríguez,white,Valdeorras,Online,6.35,2.51,11.6,0.9953,7.5,low
Treixadura Ribeiro Joven,white,Ribeiro,Online,5.46,3.51,12.2,0.9975,5.2,low
Lapola Godello D.O. Ribeira Sacra,white,Ribeira Sacra,Online,6.85,3.52,11.0,0.9962,8.5,low
Circe Verdejo Viñas Viejas D.O. Rueda,white,Rueda,Online,5.93,2.78,12.5,0.996,7.8,low
Godello Monterrei Joven,white,Monterrei,Online,5.19,2.2,11.5,0.9957,5.5,low
Gran Feudo Rosado Garnatxa D.O. Navarra,rosé,Navarra,El Corte Inglés,6.67,5.5,11.9,0.9968,5.2,low
Inurrieta Rosado D.O. Navarra,rosé,Navarra,Online,6.05,4.07,11.7,0.9976,6.5,low
Casa de la Ermita Rosado D.O. Jumilla,rosé,Jumilla,Online,6.98,4.61,11.6,0.9983,5.8,low
Campo Viejo Rosado D.O. Rioja,rosé,Rioja,Carrefour,5.66,5.49,11.1,0.9984,4.8,low
Pittacum Crianza D.O. Bierzo,red,Bierzo,Online,6.1,4.08,13.9,0.9968,9.5,medium
Peique Crianza D.O. Bierzo,red,Bierzo,Online,4.89,3.05,13.5,0.9963,9.8,medium
Casar de Burbia Hombros D.O. Bierzo,red,Bierzo,Online,5.34,2.74,13.2,0.9944,9.2,medium
Algueira Crianza D.O. Ribeira Sacra,red,Ribeira Sacra,Online,5.74,3.1,12.9,0.9966,12.5,medium
Cañador Crianza D.O. Jumilla,red,Jumilla,Carrefour,5.98,1.68,13.9,0.997,6.5,medium
Casa de la Ermita Idílico Crianza D.O. Jumilla,red,Jumilla,Online,5.9,3.5,13.4,0.9957,9.8,medium
Castillo San Simón Crianza D.O. Jumilla,red,Jumilla,DIA,5.03,3.06,13.1,0.9948,7.2,medium
Casa Castillo Monastrell Crianza D.O. Jumilla,red,Jumilla,Online,6.28,3.36,12.8,0.9937,9.5,medium
Gran Feudo Crianza D.O. Navarra,red,Navarra,Carrefour,4.98,3.04,12.8,0.994,5.7,medium
Señorío de Sarría Crianza D.O. Navarra,red,Navarra,Online,5.53,2.46,12.8,0.9941,6.26,medium
Ochoa Crianza D.O. Navarra,red,Navarra,Online,5.57,1.63,12.9,0.9972,8.5,medium
López Cristóbal Roble D.O. Ribera,red,Ribera del Duero,Online,6.02,2.48,11.2,0.9967,8.2,medium
Monteabellón Crianza D.O. Ribera,red,Ribera del Duero,Online,4.94,1.35,13.4,0.9933,9.5,medium
Valdubón Crianza D.O. Ribera del Duero,red,Ribera del Duero,Online,5.76,3.41,13.3,0.996,8.8,medium
Buró de Peñalosa Crianza D.O. Ribera,red,Ribera del Duero,Online,5.34,2.16,12.4,0.9988,9.2,medium
Doña Felisa Crianza D.O. Sierras de Málaga,red,Sierras de Málaga,Online,5.18,1.77,12.9,0.9965,9.5,medium
Tiempos Monastrell D.O. Jumilla,red,Jumilla,Carrefour,5.91,2.39,12.9,0.9947,5.8,medium
Luis Cañas Crianza D.O. Rioja,red,Rioja,Online,5.27,3.38,13.0,0.9952,8.9,medium
Ostatu Crianza D.O. Rioja,red,Rioja,Online,5.49,1.9,11.7,0.9951,9.5,medium
Labastida Crianza D.O. Rioja,red,Rioja,Online,3.91,2.36,13.2,0.997,7.8,medium
Solar de Samaniego Crianza D.O. Rioja,red,Rioja,Carrefour,5.66,2.63,12.4,0.9943,8.2,medium
Señor de Mendizabal Criança D.O. Rioja,red,Rioja,Eroski,5.29,1.82,12.4,0.9958,7.5,medium
Godello Fedellos do Couto D.O. Ribeira Sacra,white,Ribeira Sacra,Online,6.37,0.73,12.4,0.9935,14.0,medium
Pazo de Señoráns Albariño D.O. Rías Baixas,white,Rías Baixas,El Corte Inglés,7.06,2.91,12.9,0.995,12.5,medium
Belondrade y Lurton D.O. Rueda,white,Rueda,Online,7.48,1.31,12.2,0.9947,14.5,medium
Shaya Verdejo Barrica D.O. Rueda,white,Rueda,Online,6.6,2.1,12.3,0.9942,9.8,medium
Rafael Palacios Sorte O Soro D.O. Valdeorras,white,Valdeorras,Online,6.59,2.52,12.4,0.9931,18.0,medium
Descendientes J. Palacios Pétalos D.O. Bierzo,red,Bierzo,Online,5.04,1.51,14.9,0.9951,16.5,high
Pittacum Reserva D.O. Bierzo,red,Bierzo,Online,5.74,2.09,14.6,0.9956,18.0,high
Casar de Burbia Cepas Viejas D.O. Bierzo,red,Bierzo,Online,5.38,0.61,14.1,0.9963,22.0,high
Adega Algueira Merenzao D.O. Ribeira Sacra,red,Ribeira Sacra,Online,5.11,2.94,13.7,0.9943,28.0,high
Lalama Tinto D.O. Ribeira Sacra,red,Ribeira Sacra,Online,5.44,0.87,15.0,0.9944,32.0,high
Casa Castillo Pie Franco D.O. Jumilla,red,Jumilla,Online,5.76,1.52,14.5,0.9942,45.0,high
Casa de la Ermita Gran Reserva D.O. Jumilla,red,Jumilla,Online,4.33,1.66,13.9,0.9953,18.5,high
Castillo de Madax Reserva D.O. Jumilla,red,Jumilla,DIA,4.71,2.42,13.8,0.9923,12.8,high
Ochoa Gran Reserva D.O. Navarra,red,Navarra,Online,5.59,2.86,13.8,0.9945,22.0,high
Señorío de Sarría Reserva D.O. Navarra,red,Navarra,Online,4.84,2.3,13.6,0.9957,14.5,high
Doña Felisa Chinchilla Reserva D.O. Sierras Málaga,red,Sierras de Málaga,Online,5.03,0.96,14.4,0.9953,19.5,high
Monteabellón Finca Matambres D.O. Ribera,red,Ribera del Duero,Online,4.18,2.15,14.3,0.9946,35.0,high
Pago Carraovejas Reserva D.O. Ribera,red,Ribera del Duero,Online,4.86,2.98,13.6,0.9968,42.0,high
Arzuaga Reserva D.O. Ribera del Duero,red,Ribera del Duero,Online,4.74,2.75,15.1,0.9932,25.0,high
Mauro Reserva V.T. Castilla y León,red,Castilla y León,Online,5.34,1.42,14.5,0.9964,28.0,high
Artadi El Pisón Reserva D.O. Rioja,red,Rioja,Online,5.99,2.82,13.8,0.9956,85.0,high
Benjamin Romeo Contador D.O. Rioja,red,Rioja,Online,6.42,3.01,15.3,0.9961,120.0,high
Luis Cañas Gran Reserva Amaren D.O. Rioja,red,Rioja,Online,4.51,1.8,14.4,0.9936,32.0,high
Ostatu Gloria Reserva D.O. Rioja,red,Rioja,Online,5.46,0.5,14.0,0.9954,28.0,high
López Cristóbal Reserva D.O. Ribera,red,Ribera del Duero,Online,4.19,2.47,14.6,0.9959,18.5,high
Pazo Señoráns Selección Añada D.O. Rías Baixas,white,Rías Baixas,Online,6.2,0.97,14.1,0.9953,35.0,high
Rafael Palacios As Sortes D.O. Valdeorras,white,Valdeorras,Online,6.5,1.03,14.0,0.9919,38.0,high
Fedellos do Couto Bastarda D.O. Ribeira Sacra,white,Ribeira Sacra,Online,7.36,0.84,12.8,0.9942,28.0,high
